CityName,TouristSpot,Description,Images,Maps,Hotels,Attractions,Meals,,,
Egypt,Pyramids Of Giza,"
The last surviving of the Seven Wonders of the Ancient World, the Pyramids of Giza are one of the world's most recognizable landmarks. Built as tombs for the mighty Pharaohs and guarded by the enigmatic Sphinx, Giza's pyramid complex has awed travelers down through the ages and had archaeologists (and a fair few conspiracy theorists) scratching their heads over how they were built for centuries.Today, these megalithic memorials to dead kings are still as wondrous a sight as they ever were. An undeniable highlight of any Egypt trip, Giza's pyramids should not be missed.","['//upload.wikimedia.org/wikipedia/commons/thumb/9/96/Pyramids_of_the_Giza_Necropolis.jpg/600px-Pyramids_of_the_Giza_Necropolis.jpg', '//upload.wikimedia.org/wikipedia/commons/thumb/c/c5/PyramidsofGiza_at_night.jpg/620px-PyramidsofGiza_at_night.jpg','//upload.wikimedia.org/wikipedia/commons/thumb/e/e3/Kheops-Pyramid.jpg/600px-Kheops-Pyramid.jpg','//www.sciencealert.com/images/2018-02/processed/14802850772_8c75dc5d08_k_1024.jpg']",https://www.google.com/maps/embed?pb=!1m18!1m12!1m3!1d3456.006803221951!2d31.13201321445724!3d29.979234481906097!2m3!1f0!2f0!3f0!3m2!1i1024!2i768!4f13.1!3m3!1m2!1s0x14584587ac8f291b%3A0x810c2f3fa2a52424!2sThe%20Great%20Pyramid%20of%20Giza!5e0!3m2!1sen!2sin!4v1601553547287!5m2!1sen!2sin,"['Marriott Mena House, Cairo', 'Pyramids View Inn', 'Great Pyramid Inn', 'egypt pyramids inn', 'H10 Pyramids View']","['The Great Pyramid of Giza', 'Great Sphinx of Giza', 'Pyramid of Khafre', 'The Great Pyramid of Giza', 'Khufu Ship']","['Restaurant Pyramids', '???? ????? ???? ?????', 'The Great Pyramid of Giza', 'Giza Necropolis', 'Marriott Mena House, Cairo']",,,io
Egypt,Luxor's Karnak Temple And The Valley Of The Kings,"
Famed for the Valley of the Kings, Karnak Temple, and the Memorial Temple of Hatshepsut, the Nile-side town of Luxor in Upper Egypt has a glut of tourist attractions. This is ancient Thebes, power base of the New Kingdom pharaohs, and home to more sights than most can see on one visit. While the East Bank brims with vibrant souk action, the quieter West Bank is home to a bundle of tombs and temples that has been called the biggest open-air museum in the world. Spend a few days here exploring the colorful wall art of the tombs and gazing in awe at the colossal columns in the temples, and you'll see why Luxor continues to fascinate historians and archaeologists.","['//upload.wikimedia.org/wikipedia/commons/thumb/b/bc/Luxor-Tempel_Pylon_08.jpg/620px-Luxor-Tempel_Pylon_08.jpg', '//upload.wikimedia.org/wikipedia/commons/thumb/f/f0/Abu_el-Haggag_R01.jpg/600px-Abu_el-Haggag_R01.jpg', '//upload.wikimedia.org/wikipedia/commons/thumb/0/09/Luxor%2C_Luxor_Temple%2C_sphinx_alley_at_night%2C_Egypt%2C_Oct_2004.jpg/620px-Luxor%2C_Luxor_Temple%2C_sphinx_alley_at_night%2C_Egypt%2C_Oct_2004.jpg', '//upload.wikimedia.org/wikipedia/commons/thumb/b/b7/Egypt.LuxorTemple.02.jpg/690px-Egypt.LuxorTemple.02.jpg', '//upload.wikimedia.org/wikipedia/commons/thumb/d/db/Egypt.LuxorTemple.04.jpg/690px-Egypt.LuxorTemple.04.jpg','//upload.wikimedia.org/wikipedia/commons/thumb/0/03/Karnak-Hypostyle3.jpg/620px-Karnak-Hypostyle3.jpg','//upload.wikimedia.org/wikipedia/commons/thumb/5/56/Karnakpanorama.jpg/1000px-Karnakpanorama.jpg','//upload.wikimedia.org/wikipedia/commons/b/b8/Valley_of_the_Kings_panorama.jpg']",https://www.google.com/maps/embed?pb=!1m18!1m12!1m3!1d3594.564645728521!2d32.65508161433739!3d25.718834583656246!2m3!1f0!2f0!3f0!3m2!1i1024!2i768!4f13.1!3m3!1m2!1s0x1449159228fec0cd%3A0xc71ae8c008c259d8!2sKarnak!5e0!3m2!1sen!2sin!4v1601553680321!5m2!1sen!2sin,"['Queens Valley Hotel & Restaurant', 'Hilton Luxor Resort & Spa', 'Sofitel Winter Palace Luxor']","['Luxor Temple', 'Mortuary Temple of Hatshepsut', 'Karnak']",['Karnak'],,,
Egypt,Islamic Cairo,"
The atmospheric, narrow lanes of the capital's Islamic Cairo district are crammed full of mosques, madrassas (Islamic schools of learning), and monuments dating from the Fatimid through to the Mameluke eras. This is where you'll find the labyrinth shopping souk of Khan el-Khalili, where coppersmiths and artisans still have their tiny workshops, and stalls are laden with ceramics, textiles, spice, and perfume. Surrounding the market is a muddle of roads, home to some of the most beautiful preserved architecture of the old Islamic empires. There is a wealth of history here to explore. Visit Al-Azhar Mosque and the dazzling Sultan Hassan Mosque, and make sure you climb to the roof of the ancient medieval gate of Bab Zuweila for the best minaret-speckled panoramas across the district.","['//upload.wikimedia.org/wikipedia/commons/thumb/4/46/Islamic-cairo-street.jpg/660px-Islamic-cairo-street.jpg', '//upload.wikimedia.org/wikipedia/commons/thumb/e/e0/Kairo_Ibn_Tulun_Moschee_BW_5.jpg/660px-Kairo_Ibn_Tulun_Moschee_BW_5.jpg', '//upload.wikimedia.org/wikipedia/commons/thumb/c/ce/Al-Azhar_%28inside%29_2006.jpg/620px-Al-Azhar_%28inside%29_2006.jpg', '//upload.wikimedia.org/wikipedia/commons/thumb/9/93/Flickr_-_HuTect_ShOts_-_Citadel_of_Salah_El.Din_and_Masjid_Muhammad_Ali_%D9%82%D9%84%D8%B9%D8%A9_%D8%B5%D9%84%D8%A7%D8%AD_%D8%A7%D9%84%D8%AF%D9%8A%D9%86_%D8%A7%D9%84%D8%A3%D9%8A%D9%88%D8%A8%D9%8A_%D9%88%D9%85%D8%B3%D8%AC%D8%AF_%D9%85%D8%AD%D9%85%D8%AF_%D8%B9%D9%84%D9%8A_-_Cairo_-_Egypt_-_17_04_2010_%284%29.jpg/620px-thumbnail.jpg', '//upload.wikimedia.org/wikipedia/commons/thumb/6/65/Mosque-Madrassa_of_Sultan_Hassan_%284%29.jpg/620px-Mosque-Madrassa_of_Sultan_Hassan_%284%29.jpg', '//upload.wikimedia.org/wikipedia/commons/thumb/8/8e/Dome_of_Qaytbay_complex.jpg/620px-Dome_of_Qaytbay_complex.jpg', '//upload.wikimedia.org/wikipedia/commons/thumb/0/07/DSC01004-1-2.jpg/620px-DSC01004-1-2.jpg']",https://www.google.com/maps/embed?pb=!1m18!1m12!1m3!1d27625.88421805629!2d31.254853448496426!3d30.05878259011135!2m3!1f0!2f0!3f0!3m2!1i1024!2i768!4f13.1!3m3!1m2!1s0x14583f5fea708587%3A0xff2b65411651e622!2sIslamic%20Cairo%2C%20El-Darb%20El-Ahmar%2C%20Cairo%20Governorate%2C%20Egypt!5e0!3m2!1sen!2sin!4v1601553772440!5m2!1sen!2sin,"['Valencia Hotel', 'Le Riad Hotel', 'Cairo Hotel', 'Arabian Nights Hotel', 'Safary Hotel']","['Khan el-Khalili', 'Qaytbay caravansary', 'goodlifetours', 'Museum of Islamic Art Cairo', 'Zuwayla Gate']","['Abo Hashem', 'Fatatry elhosein', '???? ?????', 'Shtat', 'Neaama']",,,
Egypt,Aswan,"
Egypt's most tranquil town is Aswan, set upon the winding curves of the Nile. Backed by orange-hued dunes, this is the perfect place to stop and unwind for a few days and soak up the chilled-out atmosphere. Take the river ferry across to Elephantine Island and stroll the colorful streets of the Nubian villages. Ride a camel to the desert monastery of St. Simeon on the East Bank. Or just drink endless cups of tea on one of the riverboat restaurants, while watching the lateen-sailed feluccas drift past. There are plenty of historic sites here and numerous temples nearby, but one of Aswan's most popular things to do is simply kicking back and watching the river life go by.","['//upload.wikimedia.org/wikipedia/commons/thumb/a/a2/Philae_Island%2C_Aswan.jpg/680px-Philae_Island%2C_Aswan.jpg', '//upload.wikimedia.org/wikipedia/commons/thumb/3/36/Aswan_Philae_temple_pavilion.jpg/680px-Aswan_Philae_temple_pavilion.jpg', '//upload.wikimedia.org/wikipedia/commons/thumb/1/1f/Aswan%2Cfatimid_cem.jpg/692px-Aswan%2Cfatimid_cem.jpg', '//upload.wikimedia.org/wikipedia/commons/thumb/0/00/%D9%85%D8%B9%D8%A8%D8%AF_%D9%81%D9%8A%D9%84%D8%A9_..%D8%A7%D8%B3%D9%88%D8%A7%D9%86.jpg/692px-%D9%85%D8%B9%D8%A8%D8%AF_%D9%81%D9%8A%D9%84%D8%A9_..%D8%A7%D8%B3%D9%88%D8%A7%D9%86.jpg', '//upload.wikimedia.org/wikipedia/commons/thumb/7/77/Aswan_Nubian_Museum_entrance.jpg/692px-Aswan_Nubian_Museum_entrance.jpg', '//upload.wikimedia.org/wikipedia/commons/thumb/b/b3/View_from_the_west_bank_to_the_Nile%2C_islands%2C_and_Aswan.jpg/650px-View_from_the_west_bank_to_the_Nile%2C_islands%2C_and_Aswan.jpg', '//upload.wikimedia.org/wikipedia/commons/thumb/f/ff/El-Tabia_Mosque_in_Aswan.jpg/627px-El-Tabia_Mosque_in_Aswan.jpg', '//upload.wikimedia.org/wikipedia/commons/thumb/b/be/Lotus-tower_near_Aswan.jpg/632px-Lotus-tower_near_Aswan.jpg', '//upload.wikimedia.org/wikipedia/commons/thumb/b/b3/Fatimid_Cemetery_at_Aswan.jpg/672px-Fatimid_Cemetery_at_Aswan.jpg', '//upload.wikimedia.org/wikipedia/commons/thumb/2/2a/Cimeti%C3%A8res_des_nobles_Qubbet_el-Hawa.jpg/640px-Cimeti%C3%A8res_des_nobles_Qubbet_el-Hawa.jpg']",https://www.google.com/maps/embed?pb=!1m18!1m12!1m3!1d29138.08383720914!2d32.88259653797296!3d24.09233360298283!2m3!1f0!2f0!3f0!3m2!1i1024!2i768!4f13.1!3m3!1m2!1s0x14367b5ab1a30e5f%3A0xfb109fe337cabccb!2sAswan%2C%20Aswan%20Governorate%2C%20Egypt!5e0!3m2!1sen!2sin!4v1601553876861!5m2!1sen!2sin,"['Sofitel Legend Old Cataract Aswan', 'M�venpick Resort Aswan', 'TOLIP Hotel Aswan', 'Pyramisa Island Hotel Aswan', 'Marhaba Aswan Hotel']","['Unfinished Obelisk', 'Nubian Museum', 'Aswan Botanical Garden', ""Museu d'Assuan"", '�le Kitchener']","['El Masry', 'Nubian Dream Restaurant and Cafe', 'Salah El Din Restaurant', 'Al Dokka resturant', 'Makani']",,,
Egypt,White Desert,"
Egypt's kookiest natural wonder is the White Desert, where surreally shaped chalk mountains have created what looks like a snowy wonderland in the middle of the arid sand. The landscapes here look like something out of a science fiction movie, with blindingly white boulders and iceberg-like pinnacles. For desert fans and adventurers, this is the ultimate weird playground, while anybody who's had their fill of temples and tombs will enjoy this spectacular natural scenery.","['//upload.wikimedia.org/wikipedia/commons/thumb/5/56/WhiteD1.jpg/620px-WhiteD1.jpg', '//upload.wikimedia.org/wikipedia/commons/thumb/f/fb/White-desert-egypt.jpg/700px-White-desert-egypt.jpg', '//upload.wikimedia.org/wikipedia/commons/thumb/9/9f/Weisse_W%C3%BCste.jpg/660px-Weisse_W%C3%BCste.jpg', '//upload.wikimedia.org/wikipedia/commons/thumb/9/93/El_Alaska_egipcio.jpg/660px-El_Alaska_egipcio.jpg']",https://www.google.com/maps/embed?pb=!1m18!1m12!1m3!1d3511.356964314834!2d28.849968914409317!3d28.348055582530886!2m3!1f0!2f0!3f0!3m2!1i1024!2i768!4f13.1!3m3!1m2!1s0x145d52ac3f110ed5%3A0x1cc9c33436ddd28f!2sWhite%20Desert!5e0!3m2!1sen!2sin!4v1601553948893!5m2!1sen!2sin,"['badawiya farafra hotel', 'Rahala Safari Hotel', 'The Sunrise Hotel', 'Hotel El waha', '???? ?????']","['White Desert ??????? ???????', 'El Serw Spring (White Desert National Park)', 'Al Aqabat Area', 'Bir Sitta (Well Six)', 'Crystal Mountain']",['D�sert blanc'],,,
Egypt,Siwa Oasis,"
Way out west, Siwa is the tranquil tonic to the hustle of Egypt's cities. This gorgeous little oasis, surrounded by date palm plantations and numerous fresh water springs, is one of the Western Desert's most picturesque spots. The town is centered around the ruins of a vast mud-brick citadel that dominates the view. This is a top spot to wind down and go slow for a few days, as well as being an excellent base from which to plan adventures into the surrounding desert.","['//upload.wikimedia.org/wikipedia/commons/thumb/a/af/%D9%8A%D9%88%D9%85_%D8%AC%D8%AF%D9%8A%D8%AF.jpg/675px-%D9%8A%D9%88%D9%85_%D8%AC%D8%AF%D9%8A%D8%AF.jpg', '//upload.wikimedia.org/wikipedia/commons/thumb/b/ba/Siwa_lake.jpg/636px-Siwa_lake.jpg', '//upload.wikimedia.org/wikipedia/commons/thumb/5/54/%D8%A8%D9%8A%D9%88%D8%AA.jpg/736px-%D8%A8%D9%8A%D9%88%D8%AA.jpg', '//upload.wikimedia.org/wikipedia/commons/thumb/b/bf/Siwa_oasis_-_Egypt.jpg/636px-Siwa_oasis_-_Egypt.jpg', '//upload.wikimedia.org/wikipedia/commons/thumb/6/6d/Lake_Aftnas_in_Siwa.jpg/1136px-Lake_Aftnas_in_Siwa.jpg', '//upload.wikimedia.org/wikipedia/commons/thumb/2/25/Oase_Siwa.jpg/1220px-Oase_Siwa.jpg', '//upload.wikimedia.org/wikipedia/commons/thumb/5/5d/Amun_2010.jpg/620px-Amun_2010.jpg', '//upload.wikimedia.org/wikipedia/commons/thumb/0/08/Into_the_dessert_%284%29.jpg/620px-Into_the_dessert_%284%29.jpg', '//upload.wikimedia.org/wikipedia/commons/thumb/e/e1/Siwa-Homes2009.jpg/620px-Siwa-Homes2009.jpg', '//upload.wikimedia.org/wikipedia/commons/thumb/8/8e/Shali_street_360KB.jpg/690px-Shali_street_360KB.jpg', '//upload.wikimedia.org/wikipedia/commons/thumb/4/47/Siwa_Oasis2009b.jpg/620px-Siwa_Oasis2009b.jpg', '//upload.wikimedia.org/wikipedia/commons/thumb/2/2c/Mosque_in_Siwa_Oasis_%282007%29.jpg/620px-Mosque_in_Siwa_Oasis_%282007%29.jpg', '//upload.wikimedia.org/wikipedia/commons/thumb/4/4b/Oracle_of_Ammun_at_Siwa.jpg/620px-Oracle_of_Ammun_at_Siwa.jpg', '//upload.wikimedia.org/wikipedia/commons/thumb/a/ac/Pano_Siwa_depuis_Dakrur-Battesti.jpg/1020px-Pano_Siwa_depuis_Dakrur-Battesti.jpg']",https://www.google.com/maps/embed?pb=!1m18!1m12!1m3!1d111443.31518662619!2d25.456796921235583!3d29.205795266259088!2m3!1f0!2f0!3f0!3m2!1i1024!2i768!4f13.1!3m3!1m2!1s0x147aaface8f3a523%3A0x6f335df8f19a074d!2sSiwa%20Oasis%2C%20Siwa%2C%20Matrouh%20Governorate%2C%20Egypt!5e0!3m2!1sen!2sin!4v1601554003275!5m2!1sen!2sin,"['Taziry Ecovillages Siwa', 'Talist Siwa', 'Siwa Oasis Hotel', 'Dream Lodge Hotel', 'Siwa Relax Retreat']","['Shali Fortress', 'Fatnas Island', 'Cleopatra Spring', 'Alexander The Great', 'Gabal Dakrur']","['Kenooz Restaurant', 'Siwa Shali Restaurant', 'Shahrazad Cafe & Restaurant', '?????? Siwa Oasis Egypt', '???? ??? ?????? . ????']",,,
Egypt,Thistlegorm Dive Site,"
Below the Red Sea's surface is another world as fascinating as the temples and tombs on land. Among the many coral reefs off the coast there's also a glut of shipwrecks that have sunk in the Red Sea's Gulf of Gubal and Gulf of Aqaba. Of all the wrecks, the most famous is the Thistlegorm, an English WWII cargo ship that was on its way to resupply British troops when it was bombed by the Germans in 1941. Today the site is regarded by divers as one of the top five wreck dives in the world due to the vast cargo of cars, motorbikes, and WWII memorabilia that can be seen both scattered on the sea bed around the wreck and inside the ship itself. Dive boat trips to the wreck are organized from both Sharm el-Sheikh and Hurghada.","['//upload.wikimedia.org/wikipedia/commons/thumb/8/8c/Thistlegorm_train_parts_minus_red_edit.jpg/600px-Thistlegorm_train_parts_minus_red_edit.jpg', '//upload.wikimedia.org/wikipedia/commons/thumb/8/83/ThistlegormLarge.jpg/620px-ThistlegormLarge.jpg', '//upload.wikimedia.org/wikipedia/commons/thumb/e/eb/Thistlegorm_gun.jpg/620px-Thistlegorm_gun.jpg', '//upload.wikimedia.org/wikipedia/commons/thumb/2/2b/Aft_view_Thistlegorm.jpg/650px-Aft_view_Thistlegorm.jpg']",https://www.google.com/maps/embed?pb=!1m18!1m12!1m3!1d3528.8733163159122!2d33.918579214394136!3d27.813670082748004!2m3!1f0!2f0!3f0!3m2!1i1024!2i768!4f13.1!3m3!1m2!1s0x14530387931d4f05%3A0x4f7c45c8868b523f!2sSS%20Thistlegorm!5e0!3m2!1sen!2sin!4v1601554124456!5m2!1sen!2sin,"['Horus Guest House Pyramids View', 'Mango Guesthouse', 'Hurghada Marriott Beach Resort', 'Lilly Apartments', 'Marriott Mena House, Cairo']","['Sha`b Abu Nuhas', 'Canyon (Dive & Snorkel Site)', 'Blue Hole', 'Elphinstone Reef', 'Ras Mohamed Nature Reserve']","['Camel Dive Club & Hotel', 'Eagle Divers Egypt', 'Ras Mohamed Nature Reserve']",,,
Kenya,Maasai Mara National Reserve,"
Maasai Mara National Reserve (also Masai Mara) is one of the world's most magnificent game reserves. Bordering Tanzania, the Mara is the northern extension of the Serengeti and forms a wildlife corridor between the two countries. It's named after the statuesque, red-cloaked Maasai people who live in the park and graze their animals here as they have done for centuries. In their language, Mara means mottled, perhaps a reference to the play of light and shadow from the acacia trees and cloud-studded skies on the vast grasslands. The park is famous for the Great Migration, when thousands of wildebeest, zebra, and Thomson's gazelle travel to and from the Serengeti, from July through October. In the Mara River, throngs of hippos and crocodiles lurk. The park is also known for providing excellent predator sightings, thanks to its relatively large populations of lion, cheetah, and leopard - especially in the dry months from December through February. Thanks to the park's altitude, the weather here is mild and gentle year-round.","['//upload.wikimedia.org/wikipedia/commons/b/bd/Maasai-Mara-Typical-Scenery.JPG',' //upload.wikimedia.org/wikipedia/commons/thumb/a/a4/Mara_River_Massai_Mara.jpg/620px-Mara_River_Massai_Mara.jpg', '//upload.wikimedia.org/wikipedia/commons/thumb/2/2c/Maasai_Mara_Game_reserve.jpg/620px-Maasai_Mara_Game_reserve.jpg', '//upload.wikimedia.org/wikipedia/commons/thumb/8/8a/GnusAndZebrasInMaraMasai.jpg/600px-GnusAndZebrasInMaraMasai.jpg', '//upload.wikimedia.org/wikipedia/commons/thumb/f/fc/Cheetah_with_cubs.jpg/600px-Cheetah_with_cubs.jpg', '//upload.wikimedia.org/wikipedia/commons/thumb/7/76/Sekenani_Gate.tif/lossy-page1-620px-Sekenani_Gate.tif.jpg', '//upload.wikimedia.org/wikipedia/commons/thumb/4/41/Hot_Air_Balloon_Safari_in_Maasai_Mara.jpg/720px-Hot_Air_Balloon_Safari_in_Maasai_Mara.jpg', '//upload.wikimedia.org/wikipedia/commons/thumb/5/57/Maasai_Mara_National_Reserve_Kenya.jpg/770px-Maasai_Mara_National_Reserve_Kenya.jpg']",https://www.google.com/maps/embed?pb=!1m18!1m12!1m3!1d3988.674626932224!2d34.93592081399649!3d-1.371911998999417!2m3!1f0!2f0!3f0!3m2!1i1024!2i768!4f13.1!3m3!1m2!1s0x182ce8a64a31fdb1%3A0x296a9587e0c3c410!2sMaasai%20Mara%20National%20Reserve!5e0!3m2!1sen!2sin!4v1601554181586!5m2!1sen!2sin,"['Mara Serena Safari Lodge', 'Angama Mara', 'Mara Engai Wilderness Lodge', 'Mara Eden Safari Camp', 'Governors Il Moran Camp']","['Mara Triangle', 'Maasai Mara National Reserve', 'Olarro Crossing Point', 'Mara Shompole Aitong', 'Hippo Rock Point']",[],,,
Kenya,Amboseli National Reserve,"
Crowned by Mount Kilimanjaro, Africa's highest peak, Amboseli National Reserve is one of Kenya's most popular tourist parks. The name Amboseli comes from a Maasai word meaning salty dust, an apt description for the park's parched conditions. The reserve is one of the best places in Africa to view large herds of elephants up close. Other wildlife commonly spotted in the park includes big cats, such as lion and cheetah, as well as giraffe, impala, eland, waterbuck, gazelle, and more than 600 species of birds. Nature lovers can explore five different habitats here, ranging from the dried-up bed of Lake Amboseli, wetlands with sulfur springs, savannah, and woodlands.","['//upload.wikimedia.org/wikipedia/commons/thumb/6/6c/Kilimanjaro_from_Amboseli.jpg/720px-Kilimanjaro_from_Amboseli.jpg', '//upload.wikimedia.org/wikipedia/commons/thumb/f/fa/Elephants_at_Amboseli_national_park_against_Mount_Kilimanjaro.jpg/720px-Elephants_at_Amboseli_national_park_against_Mount_Kilimanjaro.jpg', '//upload.wikimedia.org/wikipedia/commons/thumb/5/52/Elephants_Kili_2.jpg/720px-Elephants_Kili_2.jpg']",https://www.google.com/maps/embed?pb=!1m18!1m12!1m3!1d3985.542964185857!2d37.25837631399925!3d-2.652686998067329!2m3!1f0!2f0!3f0!3m2!1i1024!2i768!4f13.1!3m3!1m2!1s0x18309e7455555555%3A0x8405eed269adf949!2sAmboseli%20National%20Park!5e0!3m2!1sen!2sin!4v1601554239586!5m2!1sen!2sin,"['Hilton Nairobi', 'Diani Reef Beach Resort & Spa', 'Mara Serena Safari Lodge', 'Severin Sea Lodge', 'Tuliahouse Backpackers']","['KENYA WILDLIFE SERVICE-KAJIADO', 'Amboseli Elephant Research Camp', 'Amboceli Kenia', 'Amboseli Community Campsite', 'Selenkay Adventure Camp']","['Amboseli National Park', 'Samburu Trails', 'Amboseli Serena Safari Lodge', 'Tsavo East National Park', 'Tsavo West National Park']",,,
Kenya,Lamu Island,"
The small island of Lamu, northeast of Mombasa, oozes old-world charm. A UNESCO World Heritage Site, Lamu Old Town is Kenya's oldest continually inhabited settlement with origins dating back to the 12th century. Strolling the labyrinthine streets, you can see the island's rich trading history reflected in the buildings. Architectural features from the Arab world, Europe, and India are evident, yet with a discernible Swahili technique. Intricately carved wooden doors, coral stone buildings, hidden courtyards, verandas, and rooftop patios are common features. Visiting here is like stepping back in time. Dhows plow the harbor, few if any motorized vehicles exist here, and donkeys still rule the streets as they have done for centuries. Most of Lamu's population is Muslim, and both men and women dress in traditional attire. Top attractions on the island include Lamu Museum, with displays on Swahili culture and the region's nautical history; Lamu Fort; and the Donkey Sanctuary. If all the history is a little too much, you can bask on one of the island's white-sand beaches or sip Arabic coffee in a local cafe.","['//upload.wikimedia.org/wikipedia/commons/thumb/4/49/Lamu%2C_Lamu_Island%2C_Kenya.jpg/660px-Lamu%2C_Lamu_Island%2C_Kenya.jpg', '//upload.wikimedia.org/wikipedia/commons/thumb/8/8e/Anchored_boat_in_Shela_Village%2C_Lamu_Island%2C_Kenya.jpg/620px-Anchored_boat_in_Shela_Village%2C_Lamu_Island%2C_Kenya.jpg', '//upload.wikimedia.org/wikipedia/commons/thumb/6/60/Shella%2C_Lamu_Island%2C_Kenya.jpg/834px-Shella%2C_Lamu_Island%2C_Kenya.jpg', '//upload.wikimedia.org/wikipedia/commons/thumb/4/46/Kenya%2C_Lamu_Island%2C_Matondoni.jpg/734px-Kenya%2C_Lamu_Island%2C_Matondoni.jpg','//upload.wikimedia.org/wikipedia/commons/2/22/Lamu_coast.jpg']",https://www.google.com/maps/embed?pb=!1m18!1m12!1m3!1d63786.03563122092!2d40.829958094958094!3d-2.2917106223891275!2m3!1f0!2f0!3f0!3m2!1i1024!2i768!4f13.1!3m3!1m2!1s0x18171c11b40ac0b9%3A0xd0803fae0427abf9!2sLamu!5e0!3m2!1sen!2sin!4v1601554296100!5m2!1sen!2sin,"['Lamu House', 'Peponi Hotel', 'The majlis lamu hotel', 'Manda Bay Lodge', 'Andavelo House-Lamu']","['Lamu Fort', 'Lamu Museum', 'Riyadha Mosque & Islamic Centre', 'The Fort Of Shela', 'Siyu Fort']","['Peponi Hotel', 'Seafront Cafe', 'Moonrise restaurant', 'Floating Restaurant Lamu', 'Bush Gardens']",,,
Kenya,Lake Naivasha,"
A haven for birders, Lake Naivasha lies at the highest point of the Great Rift Valley and has been known to shrink considerably in times of extreme drought. A flourishing floriculture industry in the area is also impacting water levels and quality. One of the best ways to view the wildlife is by boat. More than 400 species of birds have been spotted here, including African fish eagles. Hippos slosh in the water, and giraffes, zebra, buffalo, and eland graze around the edges of the lake. Keep a lookout for colobus monkeys in the canopies, too. Near Lake Naivasha, the Crater Lake Game Sanctuary features a wildlife-rich nature trail. Just south of Lake Naivasha, the relatively affordable Hell's Gate National Park protects a wide variety of wildlife and offers excellent climbing opportunities with two extinct volcanoes and the red cliffs of Hell's Gate Gorge. On the southern shore of Lake Naivasha, you can pop in for a cup of tea at the Elsamere Conservation Centre, the former home of the late Joy Adamson, author of Born Free and her husband George.","['//upload.wikimedia.org/wikipedia/commons/thumb/f/fd/Naivasha_lake.jpg/650px-Naivasha_lake.jpg', '//upload.wikimedia.org/wikipedia/commons/thumb/3/33/Quiet_dusk_over_Lake_Naivasha_%285232083375%29.jpg/620px-Quiet_dusk_over_Lake_Naivasha_%285232083375%29.jpg', '//upload.wikimedia.org/wikipedia/en/thumb/9/94/Lake_Naivasha_Fishermen.jpg/620px-Lake_Naivasha_Fishermen.jpg']",https://www.google.com/maps/embed?pb=!1m18!1m12!1m3!1d127663.17771989296!2d36.284108860174825!3d-0.7524088378677773!2m3!1f0!2f0!3f0!3m2!1i1024!2i768!4f13.1!3m3!1m2!1s0x18293890f023aceb%3A0xadf969a755198cc5!2sLake%20Naivasha!5e0!3m2!1sen!2sin!4v1601554385926!5m2!1sen!2sin,"['Enashipai Resort & Spa', 'Lake Naivasha Sopa Lodge', 'Lake Naivasha Resort', 'Naivasha Kongoni Lodge', 'Sawela Lodge']","['Lake Naivasha National Park', 'Crescent Island Game Sanctuary', 'Hippo Point', 'Crater lake camp', ""Fisherman's Camp""]","['Ranch House Bistro', ""Fisherman's Camp Restaurant"", 'Camp carnellys restaurant', 'Country House Inn - Reminis Bistro Naivasha', 'Lazy Bones Bar And Restaurant']",,,
Kenya,Malindi,"
North of Mombasa on the Kenyan coast, Malindi is a beach resort popular with European visitors. Thanks to its rich trading history, it is also a melting pot of cultures and cuisines, with a split personality. Part historic old town, part modern tourist hub, Malindi is where travelers come to sun on the white sands of Watamu Beach; dive the coral reefs of the Malindi and Watamu Marine National Parks; and soak up a dose of Swahili history in the historic town, dating from the 12th century. Here, you can visit the Jami Mosque; two pillar tombs from the 14th century; and the Church of St. Francis Xavier, one of East Africa's oldest churches. On the promontory, the Vasco De Gama Cross is one of the oldest standing monuments in Africa. Another popular tourist attraction is the Falconry of Kenya, a rehabilitation center for sick and injured birds. About 30 kilometers northeast of Malindi, the Marafa Depression, also called Hell's Kitchen or Nyari, is a set of sandstone gorges sculpted by the wind and rain.","['//upload.wikimedia.org/wikipedia/commons/thumb/9/9e/Pillar_of_Vasco_da_Gama.jpg/650px-Pillar_of_Vasco_da_Gama.jpg', '//upload.wikimedia.org/wikipedia/commons/thumb/0/08/Robinson_Island_Kenya.jpg/620px-Robinson_Island_Kenya.jpg', '//upload.wikimedia.org/wikipedia/commons/thumb/8/82/Sun_rise_Malindi.jpg/620px-Sun_rise_Malindi.jpg', '//upload.wikimedia.org/wikipedia/commons/thumb/4/47/Colours_of_the_sea.jpg/620px-Colours_of_the_sea.jpg', '//upload.wikimedia.org/wikipedia/commons/thumb/1/10/Malindi.jpg/620px-Malindi.jpg']",https://www.google.com/maps/embed?pb=!1m18!1m12!1m3!1d127471.4623387565!2d40.01975651563442!3d-3.2292082422553428!2m3!1f0!2f0!3f0!3m2!1i1024!2i768!4f13.1!3m3!1m2!1s0x18158fa8aba15693%3A0xcbebf1008265d79d!2sMalindi%2C%20Kenya!5e0!3m2!1sen!2sin!4v1601554443284!5m2!1sen!2sin,"['Leopard Point Luxury Beach Resort & Spa', 'Travellers Inn Resort Malindi KENYA', 'Prestige Holiday Resort Malindi', 'Sandies Tropical Village', 'African House Resort']","['Vasco da Gama Pillar', 'Falconry of kenya', 'Malindi Museum', 'Marine National Park boats - Malindi', 'Mayungu Public Beach']","['Osteria Restaurant & Ice Cream Malindi (Sea Front Road)', 'Baby Marrow', 'Baobab restaurant', 'Simba Restaurant', 'Surahi Restaurant-Malindi']",,,
Kenya,Mount Kenya National Park,"
In the Central Highlands, east of the Great Rift Valley, Mount Kenya National Park is a UNESCO World Heritage Site encompassing the country's namesake highest mountain at 5,199 meters and providing the rare sight of equatorial snow. Formed by a series of volcanic eruptions, Mount Kenya is actually comprised of three glacier-cloaked peaks. The highest is Batian, although Nelion, the next highest, is a tougher climb. The lowest peak, Lenana, is considered the easiest climb, although unpredictable weather can pose challenges. Scenery varies from glaciers, lakes, and mineral springs to alpine forest and dense pockets of bamboo. The diversity of flora and fauna provides rewarding opportunities for safaris. Among the wildlife here, you may spot black and white colobus monkeys, buffalo, elephant, tree hyrax, leopard, and hyena. Nestled in the foothills, the famous Fairmont Mount Kenya Safari Club is a luxury retreat with trout fishing, golf, and tennis.","['//upload.wikimedia.org/wikipedia/commons/thumb/7/7c/Mount_Kenya.jpg/600px-Mount_Kenya.jpg', '//upload.wikimedia.org/wikipedia/commons/thumb/d/d5/FujiSunriseKawaguchiko2025WP.jpg/620px-FujiSunriseKawaguchiko2025WP.jpg', '//upload.wikimedia.org/wikipedia/commons/thumb/e/e6/Mount_Kenya_Lenana_Nelion_Batian.jpg/620px-Mount_Kenya_Lenana_Nelion_Batian.jpg','//upload.wikimedia.org/wikipedia/commons/thumb/3/38/Terere_and_Sendeyo.jpg/620px-Terere_and_Sendeyo.jpg', '//upload.wikimedia.org/wikipedia/commons/thumb/e/e2/Mugi_hill_and_giants_billards_table.jpg/620px-Mugi_hill_and_giants_billards_table.jpg', '//upload.wikimedia.org/wikipedia/commons/thumb/b/be/Batian.jpg/620px-Batian.jpg', '//upload.wikimedia.org/wikipedia/commons/thumb/0/04/Point_john_from_top.jpg/708px-Point_john_from_top.jpg', '//upload.wikimedia.org/wikipedia/commons/thumb/d/d1/MtKenya_gletscher.jpg/620px-MtKenya_gletscher.jpg', '//upload.wikimedia.org/wikipedia/commons/thumb/a/a9/Frost_upheaval.jpg/620px-Frost_upheaval.jpg', '//upload.wikimedia.org/wikipedia/commons/thumb/b/b2/The_gates_waterfall_mount_kenya.jpg/620px-The_gates_waterfall_mount_kenya.jpg']",https://www.google.com/maps/embed?pb=!1m18!1m12!1m3!1d15959.217019395524!2d37.299653114576124!3d-0.15213834822395778!2m3!1f0!2f0!3f0!3m2!1i1024!2i768!4f13.1!3m3!1m2!1s0x1827e15555555555%3A0xc947a256df18ed98!2sMount%20Kenya%20National%20Park!5e0!3m2!1sen!2sin!4v1601554629460!5m2!1sen!2sin,"['Hotel Fairmont Mount Kenya Safari Club', 'Serena Mountain Lodge', 'Serena Mountain Lodge', 'Shiptons Mountain Hut', 'Old Moses Mountain Hut']","['Mount Kenya National Park', 'Mount Kenya Naro Moru Park Gate', 'Mt Kenya National Park Gate', 'Nairobi Animal Orphanage', 'Shiptons campsite Mt kenya']","['Mount Kenya National Park', 'Mount Kenya', 'Hotel Fairmont Mount Kenya Safari Club', 'Shiptons Mountain Hut', 'Trout Tree Restaurant']",,,
Kenya,Hell's Gate National Park,"
A hot spot for climbers, Hell's Gate National Park is one of the few parks in Kenya that allows camping and enables you to explore on foot or bicycle. Hell's Gate offers excellent climbing and hiking opportunities, with two extinct volcanoes; the red cliffs of Hell's Gate Gorge; ObsidianCaves; and the pointed column of rock known as Fischer's Tower, a former volcanic plug. Geothermal features include hot springs and natural geysers hissing steam through vents in the earth's crust. The park also protects a wide variety of wildlife, including leopards; baboons; hartebeest; eland; ostriches; gazelles; and more than 100 species of birds, as well as eagle and vulture breeding grounds. Olkaria Geothermal Station, the first of its kind in Africa, lies within Hell's Gate National Park and generates power from heated, pressurized water underground. The Oloor Karia Maasai Cultural Centre within the park is worth a visit with Maasai singing, dancing, and jewelry-making demonstrations.","['//upload.wikimedia.org/wikipedia/commons/thumb/8/87/Hell%27s_Gate%2C_Kenya.jpg/684px-Hell%27s_Gate%2C_Kenya.jpg', '//upload.wikimedia.org/wikipedia/commons/thumb/2/2a/Hellsgate.jpg/620px-Hellsgate.jpg', '//upload.wikimedia.org/wikipedia/commons/thumb/4/4d/Tourist_safari_road_in_Hell%27s_gate_National_Park.jpg/620px-Tourist_safari_road_in_Hell%27s_gate_National_Park.jpg', '//upload.wikimedia.org/wikipedia/commons/thumb/a/a4/Olkaria_V_Geothermal_Power_Station.jpg/620px-Olkaria_V_Geothermal_Power_Station.jpg']",https://www.google.com/maps/embed?pb=!1m18!1m12!1m3!1d3989.341813759207!2d36.30365631399596!3d-0.8855229993540102!2m3!1f0!2f0!3f0!3m2!1i1024!2i768!4f13.1!3m3!1m2!1s0x18294a01b3120caf%3A0xa1258436f698fc5d!2sHells%20Gate%20National%20Park!5e0!3m2!1sen!2sin!4v1601554833482!5m2!1sen!2sin,"['Naivasha Kongoni Lodge', 'Enashipai Resort & Spa', 'Lake Naivasha Country Club', 'Sawela Lodge', 'Lake Naivasha Country Club']","['Central Tower', 'Lake Naivasha National Park', 'Obsidian Caves', 'Mount Longonot National Park', 'Crescent Island Game Sanctuary']",[],,,
Morocco,Hassan II Mosque,"
Casablanca's major point of interest and landmark building, the Hassan II Mosque is a lavish symbol not only of the city, but also of Morocco itself. This modern mosque (finished in 1993) doesn't do things by halves. The decoration detail covering every centimeter of the mammoth two-hectare site took 10,000 artisans to complete. Intricately carved marble pieces, vibrant mosaics, and zellige tile details all pay tribute to traditional Islamic architecture ideals and the mastery of Moroccan craftsmanship and yet, at the same time, still manage to feel contemporary.","['//upload.wikimedia.org/wikipedia/en/thumb/4/46/Hassan_II_Mosque.jpg/620px-Hassan_II_Mosque.jpg', '//upload.wikimedia.org/wikipedia/en/thumb/6/67/Hassan_2_Mosque.jpg/620px-Hassan_2_Mosque.jpg', '//upload.wikimedia.org/wikipedia/en/thumb/f/fb/Casablanca_DSC1074EC.jpg/620px-Casablanca_DSC1074EC.jpg', '//upload.wikimedia.org/wikipedia/en/thumb/f/fe/Hassan_II_mosque2.jpg/620px-Hassan_II_mosque2.jpg', '//upload.wikimedia.org/wikipedia/en/thumb/2/2f/Hassan_II_mosque%2C_Casablanca.jpg/646px-Hassan_II_mosque%2C_Casablanca.jpg', '//upload.wikimedia.org/wikipedia/commons/thumb/2/23/Hassan_II_Mosque_sunny_day_2019-03-10.jpg/693px-Hassan_II_Mosque_sunny_day_2019-03-10.jpg', '//upload.wikimedia.org/wikipedia/commons/thumb/a/a1/Bou_Inania_Madrasa_2011.jpg/680px-Bou_Inania_Madrasa_2011.jpg']",https://www.google.com/maps/embed?pb=!1m18!1m12!1m3!1d3322.8721726292583!2d-7.635036185427645!3d33.608620980729!2m3!1f0!2f0!3f0!3m2!1i1024!2i768!4f13.1!3m3!1m2!1s0xda7d2607994d58f%3A0x67a1d618e7b0d072!2sHassan%20II%20Mosque!5e0!3m2!1sen!2sin!4v1601554876821!5m2!1sen!2sin,"['MELLIBER Appart Hotel', 'Sofitel Casablanca Tour Blanche', 'Barcel� Anfa Casablanca', 'ibis Casablanca City Center', 'Hyatt Regency Casablanca']","['Mohammed V Square, Casablanca', '???????? ???????', 'Place des Nations Unies', 'Parc Sindibad', ""La Tour de l'Horloge""]",['Hassan II Mosque'],,,
Morocco,Oudaias Kasbah,"
Morocco has plenty of beautiful old town areas but Rabat's Oudaias Kasbah neighborhood has to be one of the country's most picturesque. This is a peaceful and perfectly quaint district that feels miles away from the city, despite being right in the city's core. Inside the walls of this old fortress, the lanes of neat white-and-blue houses rimmed by colorful flowerpots and flapping washing have a lost-in-time atmosphere that's hard to beat. Even better, unlike the old town areas of Fes and Marrakesh, there are hardly any other tourists here, so exploring this pretty corner of the capital feels as if you've been let in on a well-kept secret.","['//upload.wikimedia.org/wikipedia/commons/thumb/9/97/Kasbah_Oudayas_exterior.jpg/620px-Kasbah_Oudayas_exterior.jpg', '//upload.wikimedia.org/wikipedia/commons/thumb/c/c5/Bab_Oudaia1.jpg/620px-Bab_Oudaia1.jpg', '//upload.wikimedia.org/wikipedia/commons/thumb/b/be/Oudayas_Mosque_doorway.jpg/690px-Oudayas_Mosque_doorway.jpg', '//upload.wikimedia.org/wikipedia/commons/thumb/3/3f/Oudaya_Museum.jpg/620px-Oudaya_Museum.jpg', '//upload.wikimedia.org/wikipedia/commons/thumb/a/a5/Andalusian_Gardens_Oudayas%2C_rabat.jpg/620px-Andalusian_Gardens_Oudayas%2C_rabat.jpg', '//upload.wikimedia.org/wikipedia/commons/thumb/a/a2/Marrocos-Kasbah-Oudaya-Rabat-Luis-Filipe-Gaspar.jpg/615px-Marrocos-Kasbah-Oudaya-Rabat-Luis-Filipe-Gaspar.jpg','//upload.wikimedia.org/wikipedia/commons/thumb/f/fc/30454-Rabat_%2828134412141%29.jpg/668px-30454-Rabat_%2828134412141%29.jpg', '//upload.wikimedia.org/wikipedia/commons/thumb/6/64/Whitewashed_Street_in_Kasbah_-_Rabat_-_Morocco.jpg/615px-Whitewashed_Street_in_Kasbah_-_Rabat_-_Morocco.jpg', '//upload.wikimedia.org/wikipedia/commons/thumb/d/dc/Une_ruelle_de_la_Kasbah_des_Oudayas.jpg/615px-Une_ruelle_de_la_Kasbah_des_Oudayas.jpg', '//upload.wikimedia.org/wikipedia/commons/thumb/8/85/Kasbah-Corner.jpg/662px-Kasbah-Corner.jpg']",https://www.google.com/maps/embed?pb=!1m18!1m12!1m3!1d3306.4220199908264!2d-6.837542885413431!3d34.033044080611134!2m3!1f0!2f0!3f0!3m2!1i1024!2i768!4f13.1!3m3!1m2!1s0xda76c0a97d29199%3A0xb0b5939bf6556dc7!2sKasbah%20of%20the%20Udayas!5e0!3m2!1sen!2sin!4v1601554934078!5m2!1sen!2sin,"['H�tel des Ouda�as', 'Casbah Hotel', 'Kasbah of the Udayas', 'Hotel Al Kasbah', 'Dar oudayas']","['Oudayas', 'Andalusian Gardens', 'Hassan Tower', 'Greenwitch Time Travel', 'Museum of Oudayas']",['Kasbah of the Udayas'],,,
Morocco,Chefchaouen,"
In the beautiful Rif Mountains, Chefchaouen is a gorgeous labyrinth of blue-on-blue buildings that has an incredibly photogenic glow. There isn't much actual sightseeing to be done, and that's one of the town's main attractions. It's simply about wandering the medina alleys and lapping up all that colorful architecture. It's a peaceful, easygoing town and a great place to recharge if you've been amid the cities for a while. This is also one of Morocco's main hiking and trekking destinations and a starting point and organization center for Rif Mountains walks.","['//upload.wikimedia.org/wikipedia/commons/thumb/e/e3/CHEFCHAOUEN_KASBAH.jpg/675px-CHEFCHAOUEN_KASBAH.jpg', '//upload.wikimedia.org/wikipedia/commons/thumb/3/3b/Chefchaouen_from_above.jpg/636px-Chefchaouen_from_above.jpg', '//upload.wikimedia.org/wikipedia/commons/thumb/7/71/Chaouen_Morocco_-_panoramio_%2812%29.jpg/736px-Chaouen_Morocco_-_panoramio_%2812%29.jpg', '//upload.wikimedia.org/wikipedia/commons/thumb/5/57/Old_medina_of_morocco.jpg/636px-Old_medina_of_morocco.jpg', '//upload.wikimedia.org/wikipedia/commons/thumb/5/56/Chefchaouen_city_morocco.jpg/675px-Chefchaouen_city_morocco.jpg', '//upload.wikimedia.org/wikipedia/commons/thumb/d/d5/2006_Chefchaouen-Hamam.jpg/680px-2006_Chefchaouen-Hamam.jpg', '//upload.wikimedia.org/wikipedia/commons/thumb/0/07/Chefchaouen%2C_Morocco_%285410159180%29_%284%29.jpg/620px-Chefchaouen%2C_Morocco_%285410159180%29_%284%29.jpg']",https://www.google.com/maps/embed?pb=!1m18!1m12!1m3!1d52182.784407088795!2d-5.306000092436409!3d35.17098271080307!2m3!1f0!2f0!3f0!3m2!1i1024!2i768!4f13.1!3m3!1m2!1s0xd0b265e6402d907%3A0x91548980ce97ea0c!2sChefchaouen%2C%20Morocco!5e0!3m2!1sen!2sin!4v1601554980557!5m2!1sen!2sin,"['Lina Ryad & Spa', 'H�tel Koutoubia', 'Dar Lbakal chefchaouen', 'Dar Echchaouen', 'H�tel Parador']","['Derb El Assri', 'Lavadero de la ciudad', 'Derb Zaghdoud', 'Bab Chaouen', 'Kasbah']","['Restaurant Morisco', 'Bab Ssour', 'Assaada', 'Chez Aziz', '???? ?????']",,,
Morocco,Volubilis,"
Morocco's number one Roman ruin is a feast for history lovers, with a clutch of remarkable mosaics still interred where they were unearthed. This site is also full of tumbled columns and temple remnants, standing as reminders that even the greatest empires eventually crumble. The hilltop location allows the ruins to lord over the surrounding countryside, adding to the romantic ambience of lost glory. Head up through the ruins to the Capitol and Forum to feast on the views. This tourist attraction can easily be visited as a day trip from either Meknes or Fes.","['//upload.wikimedia.org/wikipedia/commons/thumb/e/e7/Volubilis_Longshot_II.jpg/620px-Volubilis_Longshot_II.jpg', '//upload.wikimedia.org/wikipedia/commons/thumb/8/8c/Arch_of_Caracalla_%28Triumphal_Arch%29.jpg/620px-Arch_of_Caracalla_%28Triumphal_Arch%29.jpg', '//upload.wikimedia.org/wikipedia/commons/thumb/9/98/Mosaics_in_Volubilis.jpg/620px-Mosaics_in_Volubilis.jpg', '//upload.wikimedia.org/wikipedia/commons/thumb/f/ff/Volubilis_panorama_cropped.jpg/800px-Volubilis_panorama_cropped.jpg', '//upload.wikimedia.org/wikipedia/commons/thumb/8/8e/Decumanus_Maximus.jpg/600px-Decumanus_Maximus.jpg', '//upload.wikimedia.org/wikipedia/commons/thumb/1/1f/Volubilis_Tingis_Gate.jpg/650px-Volubilis_Tingis_Gate.jpg', '//upload.wikimedia.org/wikipedia/commons/thumb/a/a8/Volubilis_North_Baths.jpg/645px-Volubilis_North_Baths.jpg', '//upload.wikimedia.org/wikipedia/commons/thumb/1/10/Basilica_and_Capitoline_Temple.jpg/620px-Basilica_and_Capitoline_Temple.jpg', '//upload.wikimedia.org/wikipedia/commons/thumb/d/d8/Volubilis_basilica_exterior.jpg/638px-Volubilis_basilica_exterior.jpg', '//upload.wikimedia.org/wikipedia/commons/thumb/3/3f/Volubilis_basilica_interior.jpg/638px-Volubilis_basilica_interior.jpg', '//upload.wikimedia.org/wikipedia/commons/thumb/d/d4/Volubilis_Capitoline_temple.jpg/647px-Volubilis_Capitoline_temple.jpg', '//upload.wikimedia.org/wikipedia/commons/thumb/8/85/Volubilis_Arch_of_Caracalla_looking_southwest.jpg/659px-Volubilis_Arch_of_Caracalla_looking_southwest.jpg', '//upload.wikimedia.org/wikipedia/commons/thumb/4/4d/Volubilis_Triumphal_Arch.jpg/600px-Volubilis_Triumphal_Arch.jpg', '//upload.wikimedia.org/wikipedia/commons/thumb/0/0c/Volubilis_Arch_of_Caracalla_south_side.jpg/659px-Volubilis_Arch_of_Caracalla_south_side.jpg']",https://www.google.com/maps/embed?pb=!1m18!1m12!1m3!1d13220.708876188202!2d-5.548002925925699!3d34.064971039636994!2m3!1f0!2f0!3f0!3m2!1i1024!2i768!4f13.1!3m3!1m2!1s0xda068873e24f1ad%3A0x10953232ec980762!2sVolubilis%20Triumphal%20Arch!5e0!3m2!1sen!2sin!4v1601555065048!5m2!1sen!2sin,"['ibis Marrakech Palmeraie', 'Sofitel Marrakech Lounge & Spa', 'Riad Kasbah', 'Iberostar Founty Beach', 'Hotel La Maison Arabe']","['Conservation du site Archeologique de Volubilis', 'Ouzoud Falls', 'El Glaoui Palace', 'Morocco Daily Tours - Private Excursion From Marrakech', 'Morocco travel camp']",[],,,
Morocco,Bab Al-Mansour,"
This mammoth gateway (which guards the entrance to Meknes' Imperial City district from the medina) is noted for its stunning decoration. Meant as a monumental reminder of the sultan's might, the Bab al-Mansour is a magnificent relic of Meknes' glorious era as capital of Morocco. It's widely regarded as Morocco's grandest and best preserved gateway. Come in the late afternoon to photograph the gate in the soft light, then wander through Meknes' small maze of a medina, which is a much more laid-back affair than the medina of nearby Fes.","['//upload.wikimedia.org/wikipedia/commons/thumb/e/e9/Bab_mansour_DSCF5811.jpg/650px-Bab_mansour_DSCF5811.jpg', '//upload.wikimedia.org/wikipedia/commons/thumb/7/74/Bab_mansour_DSCF3791.jpg/650px-Bab_mansour_DSCF3791.jpg', '//upload.wikimedia.org/wikipedia/commons/thumb/a/a2/Bab_mansour_DSCF5809.jpg/650px-Bab_mansour_DSCF5809.jpg', '//upload.wikimedia.org/wikipedia/commons/thumb/0/0c/Mekn%C3%A8s_-_Bab_Mansour_costat.jpg/700px-Mekn%C3%A8s_-_Bab_Mansour_costat.jpg', '//upload.wikimedia.org/wikipedia/commons/thumb/a/a7/Bab_mansour_antique_capital_DSCF3786.jpg/650px-Bab_mansour_antique_capital_DSCF3786.jpg', '//upload.wikimedia.org/wikipedia/commons/thumb/3/37/Bab_mansour_interior_DSCF4605.jpg/650px-Bab_mansour_interior_DSCF4605.jpg', '//upload.wikimedia.org/wikipedia/commons/thumb/4/45/Bab_jemaa_nouar_DSCF5778.jpg/624px-Bab_jemaa_nouar_DSCF5778.jpg']",https://www.google.com/maps/embed?pb=!1m18!1m12!1m3!1d3311.884813457971!2d-5.566748785418134!3d33.89262028064964!2m3!1f0!2f0!3f0!3m2!1i1024!2i768!4f13.1!3m3!1m2!1s0xda05ad5a17fbc7b%3A0xb05d5ca50adb6ff1!2sBab%20Mansour%20Laleuj!5e0!3m2!1sen!2sin!4v1601555137317!5m2!1sen!2sin,"['Sofitel Dubai Downtown', 'Swiss�tel Al Murooj Dubai', 'Ramada by Wyndham Downtown Dubai', 'Taj Dubai', 'Dusit Thani Dubai']","['The Dubai Fountain', 'Burj Park by Emaar', 'Burj Khalifa', 'Dubai Frame', 'Dubai Aquarium & Underwater Zoo']","['Bab Mansour Laleuj', 'Bab Mansour', 'Le Marly', 'Bab Al Mansour']",,,
Morocco,Ait Ben Haddou,"
This golden-stoned adobe kasbah (fortress) thrusts dramatically out of the earth amid scenery that wows all who visit. It's a fairy-tale place, and unsurprisingly the orange-hued turrets and curvy lanes inside have become a favorite film location for Hollywood due to the surreal beauty of the place. You can even sleep within the kasbah if you want the full Ait Ben Haddou experience, though those who like their creature comforts should be aware that there's no electricity within the fortress itself.","['//upload.wikimedia.org/wikipedia/commons/thumb/b/bb/Kasbah_Ait_Ben_Haddou.jpg/660px-Kasbah_Ait_Ben_Haddou.jpg', '//upload.wikimedia.org/wikipedia/commons/thumb/7/73/0393_marokko_31.03.2014_%2827051408749%29.jpg/620px-0393_marokko_31.03.2014_%2827051408749%29.jpg', '//upload.wikimedia.org/wikipedia/commons/thumb/8/8a/Mauer_%282600120522%29.jpg/620px-Mauer_%282600120522%29.jpg', '//upload.wikimedia.org/wikipedia/commons/thumb/a/a1/Ait_Benhaddou_Qsar_%28588071549%29.jpg/620px-Ait_Benhaddou_Qsar_%28588071549%29.jpg', '//upload.wikimedia.org/wikipedia/commons/thumb/8/8c/31616-Ait_Ben_Haddou_%2812291651433%29.jpg/620px-31616-Ait_Ben_Haddou_%2812291651433%29.jpg', '//upload.wikimedia.org/wikipedia/commons/thumb/1/11/South_of_Morocco_beauty_18.jpg/720px-South_of_Morocco_beauty_18.jpg']",https://www.google.com/maps/embed?pb=!1m18!1m12!1m3!1d13673.065524414493!2d-7.138581327494204!3d31.04668305445877!2m3!1f0!2f0!3f0!3m2!1i1024!2i768!4f13.1!3m3!1m2!1s0xdbae06120411439%3A0x4d090f64a0ec123a!2sA%C3%AFt%20Benhaddou%2C%20Morocco!5e0!3m2!1sen!2sin!4v1601555191453!5m2!1sen!2sin,"['Kasbah Tebi', 'Hotel La Kasbah', 'kasbah titrit', 'Auberge Ksar Ait ben haddou', 'Hotel Riad Ksar Ighnda']","['Ksar Ait Ben Haddou\u200c', 'A�t Benhaddou', 'Kasbah Tebi', 'Kasbah Hajja Ait Benhaddou Ouarzazate Maroc', 'Ait ben haddou Travel']","['La Baraka Auberge', 'Restaurant kasbah valentine', 'La Rose du Sable', 'La Maison De Sable', 'Kasbah du Jardin']",,,
Morocco,Rif Mountains,"
While much of Morocco's mountain scenery is craggy peaks surrounded by palm groves and arid plains, the Rif Mountains provide some lush green relief. For hikers, bikers, and day walkers, this is a good opportunity to head out into nature with plenty of trails for both advanced trekkers and those just wanting a short easy walk. Both Tetouan and Chefchaouen are the main bases from which to launch yourself out on a Rif Mountains adventure. Check out the trekking trails of Talassemtane National Park for its cedar and fir forest-covered mountain slopes and spectacular gorges and valleys to make the most of this region's natural beauty.","['//upload.wikimedia.org/wikipedia/commons/thumb/9/91/Chauen.jpg/770px-Chauen.jpg', '//upload.wikimedia.org/wikipedia/commons/thumb/a/a3/RifMountainsInTheChefchaouenProvince.jpg/720px-RifMountainsInTheChefchaouenProvince.jpg', '//upload.wikimedia.org/wikipedia/commons/thumb/0/0f/20141218_-_Marocco_Mediterrane_Coast_%28West_Side%29_-_Air_Photo_by_sebaso.jpg/720px-20141218_-_Marocco_Mediterrane_Coast_%28West_Side%29_-_Air_Photo_by_sebaso.jpg']",https://www.google.com/maps/embed?pb=!1m18!1m12!1m3!1d13073.072869826065!2d-4.008738675413789!3d34.99999038573707!2m3!1f0!2f0!3f0!3m2!1i1024!2i768!4f13.1!3m3!1m2!1s0xd75c8c67aae19b7%3A0xc05a3f7edfedeb5d!2sRif!5e0!3m2!1sen!2sin!4v1601555250557!5m2!1sen!2sin,"['Hotel Etoile Du Rif', 'H�tel RIF', 'Hotel Asaada', 'Hotel Mira Palace Al Hoceima', 'Hotel mouhouch']","['Vayu Seva Tours & Travel (P) Ltd', 'Rif', 'Ouzoud Falls', 'Morocco Daily Tours - Private Excursion From Marrakech', 'Al Hoceima National Park']",[],,,
Tunisia,El Djem Amphitheater,"
The walls of the mighty Roman amphitheater of El Djem dwarf the surrounding modern town. This incredibly well preserved Roman relic is Tunisia's big sightseeing highlight and one of the best examples of amphitheater architecture left standing in the world, reminding of Rome's once grand grip across North Africa. You can still walk the corridors under the arena, just like the gladiators did. Or, climb up to the top seating tiers and sit staring across the arena, imagining the battles that took place below.","['//upload.wikimedia.org/wikipedia/commons/thumb/3/36/Anfiteatro%2C_El_Jem%2C_T%C3%BAnez%2C_2016-09-04%2C_DD_55-66_HDR_PAN.jpg/660px-Anfiteatro%2C_El_Jem%2C_T%C3%BAnez%2C_2016-09-04%2C_DD_55-66_HDR_PAN.jpg', '//upload.wikimedia.org/wikipedia/commons/thumb/3/38/El_Djem_Amphitheater_aerial_view.jpg/640px-El_Djem_Amphitheater_aerial_view.jpg', '//upload.wikimedia.org/wikipedia/commons/thumb/c/c9/Vue_d%27ensemble_de_l%27amphith%C3%A9%C3%A2tre.jpg/640px-Vue_d%27ensemble_de_l%27amphith%C3%A9%C3%A2tre.jpg', '//upload.wikimedia.org/wikipedia/commons/thumb/4/4d/Anfiteatro%2C_El_Jem%2C_T%C3%BAnez%2C_2016-09-04%2C_DD_22.jpg/640px-Anfiteatro%2C_El_Jem%2C_T%C3%BAnez%2C_2016-09-04%2C_DD_22.jpg', '//upload.wikimedia.org/wikipedia/commons/thumb/b/b2/Anfiteatro%2C_El_Jem%2C_T%C3%BAnez%2C_2016-09-04%2C_DD_38-40_HDR.jpg/640px-Anfiteatro%2C_El_Jem%2C_T%C3%BAnez%2C_2016-09-04%2C_DD_38-40_HDR.jpg', '//upload.wikimedia.org/wikipedia/commons/thumb/e/ee/Amphith%C3%A9%C3%A2tre_d%27El_Jem.jpg/740px-Amphith%C3%A9%C3%A2tre_d%27El_Jem.jpg']",https://www.google.com/maps/embed?pb=!1m18!1m12!1m3!1d3256.3745886074435!2d10.7046842146298!3d35.296672780285654!2m3!1f0!2f0!3f0!3m2!1i1024!2i768!4f13.1!3m3!1m2!1s0x1301fc9cdf4f5df5%3A0xf56c08802fb823a8!2sEl%20Jem%20Amphitheatre!5e0!3m2!1sen!2sin!4v1601555301133!5m2!1sen!2sin,"['Hotel Julius', 'H�tel resto Dar Ammar', 'Hotel resto Dar ammar', 'Hotel club ksar Eljem']","['El Jem Museum', 'El Jem', 'El Djem', 'Lamta Archaeological Museum', 'Sousse Ribat']","['El Jem Amphitheatre', 'El Jem', 'Restaurant Le Bonheur', 'Restaurant Afe Les Mires']",,,
Tunisia,Carthage,"
Once Rome's major rival, Carthage was the city of the seafaring Phoenicians forever memorialized in the Punic Wars. The atmospheric ruins of this ancient town now sit beside the sea amid the suburbs of Tunis, a warning that even the greatest cities can be reduced to rubble. The ruins are extensive but spread out, and if you've been lucky enough to visit ancient city sites such as Ephesus in Turkey or Volubilis in Morocco, which are well-preserved, Carthage can seem quite underwhelming at first. But these UNESCO World-Heritage-listed remnants are hugely important historically, and any tourist interested in North Africa's ancient past shouldn't miss a visit here.","['//upload.wikimedia.org/wikipedia/commons/thumb/f/f5/Maison_punique_byrsa.jpg/620px-Maison_punique_byrsa.jpg', '//upload.wikimedia.org/wikipedia/commons/thumb/4/4d/Archaeological_Site_of_Carthage-130237.jpg/620px-Archaeological_Site_of_Carthage-130237.jpg', '//upload.wikimedia.org/wikipedia/commons/thumb/d/d0/Archaeological_Site_of_Carthage-130238.jpg/620px-Archaeological_Site_of_Carthage-130238.jpg', '//upload.wikimedia.org/wikipedia/commons/thumb/a/a6/Archaeological_Site_of_Carthage-130239.jpg/620px-Archaeological_Site_of_Carthage-130239.jpg']",https://www.google.com/maps/embed?pb=!1m18!1m12!1m3!1d51076.801189790625!2d10.296260273039875!3d36.85923561353298!2m3!1f0!2f0!3f0!3m2!1i1024!2i768!4f13.1!3m3!1m2!1s0x12e2b4b84424ce2d%3A0xc0bfd1ea9d9f92a3!2sCarthage%2C%20Tunisia!5e0!3m2!1sen!2sin!4v1601555346573!5m2!1sen!2sin,"['Hotel Villa Didon', 'CARTHAGE HILL', 'La Villa Bleue', 'Carthage Thalasso', 'Four Seasons Hotel Tunis']","['Antonine Baths', 'Byrsa Hill', 'Cisterns of La Malga', 'Casa della voliera', '????? ?????']","['Restaurant le Pirate', 'Dar Zarrouk', 'Tchevap', ""Punic'Art"", '10 RUE PLINE']",,,
Tunisia,The National Bardo Museum,"
Even non-museum fans can't fail to be impressed at the massive haul of beautiful mosaics exhibited inside the Bardo. This is one of North Africa's top museums, and it houses one of the world's most important mosaic collections, all curated beautifully. It's a showcase of the dazzling, intricate artistry of the Roman and Byzantine eras, with pieces cherry-picked from every major archaeological site in Tunisia. If you only have one day in Tunisia's capital, Tunis, this museum should be high up on your to-do list.","['//upload.wikimedia.org/wikipedia/commons/thumb/1/1d/Tunis%2C_mus%C3%A9e_du_Bardo%2C_salle_de_Virgile_01.jpg/620px-Tunis%2C_mus%C3%A9e_du_Bardo%2C_salle_de_Virgile_01.jpg', '//upload.wikimedia.org/wikipedia/commons/thumb/4/43/Carthage_Room_Bardo.jpg/620px-Carthage_Room_Bardo.jpg', '//upload.wikimedia.org/wikipedia/commons/thumb/7/73/Room_Bardo_Museum.jpg/620px-Room_Bardo_Museum.jpg', '//upload.wikimedia.org/wikipedia/commons/thumb/5/5f/Bardo_museum_Virgil_room.jpg/620px-Bardo_museum_Virgil_room.jpg', '//upload.wikimedia.org/wikipedia/commons/thumb/6/66/Bardo_P6202362.jpg/620px-Bardo_P6202362.jpg', '//upload.wikimedia.org/wikipedia/commons/thumb/1/11/Tunis_Mus%C3%A9e_Bardo_2.jpg/690px-Tunis_Mus%C3%A9e_Bardo_2.jpg', '//upload.wikimedia.org/wikipedia/commons/thumb/4/43/Bardo_P6202366.jpg/620px-Bardo_P6202366.jpg', '//upload.wikimedia.org/wikipedia/commons/thumb/5/5e/Bardo_P6202322.jpg/620px-Bardo_P6202322.jpg', '//upload.wikimedia.org/wikipedia/commons/thumb/7/73/Bardo_P6202352.jpg/620px-Bardo_P6202352.jpg']",https://www.google.com/maps/embed?pb=!1m18!1m12!1m3!1d3194.3780889716127!2d10.131847514683447!3d36.80945887994668!2m3!1f0!2f0!3f0!3m2!1i1024!2i768!4f13.1!3m3!1m2!1s0x12fd33b035d19d39%3A0x72c1cf14854e223c!2sBardo%20National%20Museum!5e0!3m2!1sen!2sin!4v1601555430324!5m2!1sen!2sin,"['Sheraton Tunis Hotel', 'Dar Zyne la M�dina', 'Hotel Royal Victoria', 'Dar El Jeld Hotel & Spa', 'Hotel Carlton']","['????? ??????? ?????', 'Place du 14 janvier 2011', 'Place de la Victoire', 'Belvedere Park', 'Dar Othman']",['Bardo National Museum'],,,
Tunisia,Sidi Bou Said,"
Impossibly cute, and amazingly photogenic, Sidi Bou Said is a clifftop village of petite dimensions that seem to have fallen off an artist's canvas. Unsurprisingly, artists have feted this little hamlet for decades. The whitewashed alleyways, wrought-iron window frames, and colorful blue doors are Tunisian village architecture at their finest, while the Mediterranean backdrop is the cherry on top. This is a place to while away a lazy afternoon, simply soaking up the laid-back atmosphere and maybe indulging in a spot of shopping at one of the many local artisan and handicraft stalls.","['//upload.wikimedia.org/wikipedia/commons/thumb/1/1a/Carthage_Palace_from_Sidi_Bou_Said.jpg/650px-Carthage_Palace_from_Sidi_Bou_Said.jpg', '//upload.wikimedia.org/wikipedia/commons/thumb/c/cc/Cafe_de_delices.jpg/686px-Cafe_de_delices.jpg','//upload.wikimedia.org/wikipedia/commons/1/16/Bluebalconies2_-_Sidi_Bou_Said.jpg','//upload.wikimedia.org/wikipedia/commons/0/05/Sidi_Chebaan.jpg','//upload.wikimedia.org/wikipedia/commons/1/1b/Bluebalconies4_-_Sidi_Bou_Said.jpg']",https://www.google.com/maps/embed?pb=!1m18!1m12!1m3!1d12767.14099430935!2d10.334358125646885!3d36.8715588289402!2m3!1f0!2f0!3f0!3m2!1i1024!2i768!4f13.1!3m3!1m2!1s0x12e2b4995c30ee4d%3A0x674ff5794dd29!2sSidi%20Bou%20Said%2C%20Carthage%2C%20Tunisia!5e0!3m2!1sen!2sin!4v1601555481786!5m2!1sen!2sin,"['La Villa Bleue', 'H�tel Bou Fares', 'Hotel Dar Said', 'Maison Dedine', 'H�tel Sidi Bou Said']","[""D'Art Des M�tiers De Lella Salha Atelier De R�novation Et Sauvegarde Des Articles Du Patrimoine De Tunisie"", 'Sidi Bou Said', 'La Mosqu�e De Sidi Bou Said', 'Dar El Fell', 'Dar El Annabi']","['Au bon vieux temps - ???? ????', 'Dar Zarrouk', 'Restaurant le Pirate', 'Tam Tam Restaurant', 'Pizza Positano']",,,
Tunisia,Bulla Regia,"
Tunisia has no shortage of Roman ruins, but Bulla Regia near Tabarka is the country's most interesting and intriguing site. Here, the Roman inhabitants coped with the harsh summer climate by ingeniously building their villas underground, which has left the city houses incredibly well preserved today. For history lovers, this is a unique opportunity to walk through actual Roman houses, with their walls still intact. It's a glimpse of the residential life of the ancient world that you often don't see.","['//upload.wikimedia.org/wikipedia/commons/thumb/8/8f/Ilot_chasse_bulla_regia.jpg/620px-Ilot_chasse_bulla_regia.jpg', '//upload.wikimedia.org/wikipedia/commons/thumb/4/4b/UNDERGROUND_HOUSE_-_BULLAREGIA.jpg/620px-UNDERGROUND_HOUSE_-_BULLAREGIA.jpg', '//upload.wikimedia.org/wikipedia/commons/thumb/3/39/Villa_romaine_aux_mosa%C3%AFques%2C_38.jpg/620px-Villa_romaine_aux_mosa%C3%AFques%2C_38.jpg','//upload.wikimedia.org/wikipedia/commons/4/4a/Bulla_Regia.JPG']",https://www.google.com/maps/embed?pb=!1m18!1m12!1m3!1d3204.768581271619!2d8.751935614674462!3d36.55969247999873!2m3!1f0!2f0!3f0!3m2!1i1024!2i768!4f13.1!3m3!1m2!1s0x12fb141b52395b15%3A0x31c6c649e51c73c2!2sBulla%20Regia%20-%20Site%20Arch%C3%A9ologique!5e0!3m2!1sen!2sin!4v1601555530176!5m2!1sen!2sin,"['Hotel Riadh Palms', 'Anantara Sahara Tozeur Resort & Villas', 'H�tel Le Khalife', 'Hannibal Palace', 'Sheraton Tunis Hotel']","['Bulla Regia - Site Arch�ologique', 'Bulla Regia Museum', 'Dougga', 'Sito archeologico di Bulla Regia']",['Sito archeologico di Bulla Regia'],,,
Tunisia,Kairouan,"
With mosques, madrassas, and tombs aplenty, Kairouan has more than its fair share of monuments as the fourth most important city for those of the Muslim faith. The Arabic architecture here is truly inspiring, and the skyline is full of skinny minarets and bulky domes. But it's probably the back alleys of the city's medina that steal the show. With narrow, maze-like lanes lined with crumbling colorful houses, Kairouan's old town has an enchanting, lost-in-time atmosphere that is a true highlight of a visit here.","['//upload.wikimedia.org/wikipedia/commons/thumb/b/b2/Great_Mosque_of_Kairouan_Panorama_-_Grande_Mosqu%C3%A9e_de_Kairouan_Panorama.jpg/620px-Great_Mosque_of_Kairouan_Panorama_-_Grande_Mosqu%C3%A9e_de_Kairouan_Panorama.jpg', '//upload.wikimedia.org/wikipedia/commons/thumb/7/7e/Great_Mosque_of_Kairouan%2C_prayer_hall.jpg/620px-Great_Mosque_of_Kairouan%2C_prayer_hall.jpg', '//upload.wikimedia.org/wikipedia/commons/thumb/6/61/An_exterior_view_of_the_Great_Mosque_of_Kairouan.jpg/620px-An_exterior_view_of_the_Great_Mosque_of_Kairouan.jpg', '//upload.wikimedia.org/wikipedia/commons/thumb/3/3e/South_wall_of_the_Great_Mosque_of_Kairouan.jpg/620px-South_wall_of_the_Great_Mosque_of_Kairouan.jpg', '//upload.wikimedia.org/wikipedia/commons/thumb/8/8a/La_Grande_Mosqu%C3%A9e_de_Kairouan_au_cr%C3%A9puscule_-_The_Great_Mosque_of_Kairouan_at_dusk.jpg/620px-La_Grande_Mosqu%C3%A9e_de_Kairouan_au_cr%C3%A9puscule_-_The_Great_Mosque_of_Kairouan_at_dusk.jpg', '//upload.wikimedia.org/wikipedia/commons/thumb/4/47/View_Great_Mosque_of_Kairouan.jpg/780px-View_Great_Mosque_of_Kairouan.jpg', '//upload.wikimedia.org/wikipedia/commons/thumb/a/a2/Great_Mosque_of_Kairouan_western_wall.jpg/620px-Great_Mosque_of_Kairouan_western_wall.jpg', '//upload.wikimedia.org/wikipedia/commons/thumb/9/92/Bab_Lalla_Rihana.jpg/690px-Bab_Lalla_Rihana.jpg', '//upload.wikimedia.org/wikipedia/commons/thumb/d/d5/Panorama_of_the_courtyard_of_the_Great_Mosque_of_Kairouan.jpg/1500px-Panorama_of_the_courtyard_of_the_Great_Mosque_of_Kairouan.jpg', '//upload.wikimedia.org/wikipedia/commons/thumb/2/20/Overview_of_the_courtyard_of_the_Great_Mosque_of_Kairouan.jpg/720px-Overview_of_the_courtyard_of_the_Great_Mosque_of_Kairouan.jpg']",https://www.google.com/maps/embed?pb=!1m18!1m12!1m3!1d51858.34509656093!2d10.069427562103966!3d35.673392880011264!2m3!1f0!2f0!3f0!3m2!1i1024!2i768!4f13.1!3m3!1m2!1s0x12fdc54531303f79%3A0xbba4cacca78e555e!2sKairouan%2C%20Tunisia!5e0!3m2!1sen!2sin!4v1601555581214!5m2!1sen!2sin,"['La Kasbah', 'Continental Hotel', 'Amina Hotel', 'Dar Hassine Allani', 'Hotel Splendid']","[""Parc d'attractions Kids Land"", 'Great Mosque of Kairouan', 'Basins of Aghlabides', 'The twin Canons', 'Zaouia of Sidi Sahabi']","['Restaurant Dar Abderrahman Zarrouk', 'Restaurant Nakcha', 'El Brija Restaurant', 'Kafteji Boudissa', 'Errachid']",,,
Tunisia,Grand Erg Oriental,"
Tunisia's vast Sahara covers much of the country's interior, and the most beautiful corner of the desert is the field of sand dunes known as the Grand Erg Oriental. These poetically beautiful dunes are a surreal and gorgeous landscape of huge waves, shaped by the ever-shifting desert sands. For many visitors, this is an adventure playground for riding dune buggies and camel treks, but nothing tops the simple pleasure of sitting atop one of these mammoth sand mountains and watching the sun set over the Sahara.","['//upload.wikimedia.org/wikipedia/commons/thumb/4/48/Dune%2C_Grand_erg_pr%C3%A8s_de_Ksar_Ghilane%2C_Tunisien%2C_2004.jpg/650px-Dune%2C_Grand_erg_pr%C3%A8s_de_Ksar_Ghilane%2C_Tunisien%2C_2004.jpg', '//upload.wikimedia.org/wikipedia/commons/thumb/0/06/Libya_4432_Ghadames_Luca_Galuzzi_2007.jpg/700px-Libya_4432_Ghadames_Luca_Galuzzi_2007.jpg', '//upload.wikimedia.org/wikipedia/commons/thumb/e/e8/Tassili_Sahara_74.jpg/720px-Tassili_Sahara_74.jpg']",https://www.google.com/maps/embed?pb=!1m18!1m12!1m3!1d3449.17559575223!2d9.430189614463144!3d30.174977581834977!2m3!1f0!2f0!3f0!3m2!1i1024!2i768!4f13.1!3m3!1m2!1s0x124c163d3fcc9f1f%3A0xcbe429cf5e8c1a58!2sGhadames%20Grand%20Erg%20Oriental%20Sand%20Dunes!5e0!3m2!1sen!2sin!4v1601555670840!5m2!1sen!2sin,"['Hotel Bab Al-Fatah', 'Ben Yedder Hotel', 'Ghadames Hotel', '???? ??? ????? Dar Gadamis Hotel']",['Ghadames Grand Erg Oriental Sand Dunes'],"['Campement Grand erg Oriental', 'Ghadames Grand Erg Oriental Sand Dunes']",,,
South Africa,Kruger National Park,"
Kruger National Park is one of the best game reserves in Africa, and one of the oldest in South Africa. If you're a wildlife lover, this famous park definitely needs to be on your South Africa itinerary. The park lies about a 3.5- to 4.5-hour drive from Johannesburg and offers visitors the chance to see the Big Five: lion, leopard, buffalo, elephant, and rhino, as well as an astounding diversity of other wildlife. It's also home to Sān (bushman) rock paintings and archaeological sites. You can explore Kruger National Park on the large network of sealed roads; organize a walking safari; or soar over the vast grasslands, gallery forests, and river systems in a hot air balloon.","['//upload.wikimedia.org/wikipedia/commons/f/f0/Kruger_Zebra.JPG','//upload.wikimedia.org/wikipedia/commons/thumb/1/16/KNP-Olifants_River-001.jpg/600px-KNP-Olifants_River-001.jpg', '//upload.wikimedia.org/wikipedia/en/thumb/2/2e/Kruger_panorama3.jpg/778px-Kruger_panorama3.jpg', '//upload.wikimedia.org/wikipedia/commons/thumb/6/6c/The_Lowveld_%284098445581%29.jpg/600px-The_Lowveld_%284098445581%29.jpg', '//upload.wikimedia.org/wikipedia/commons/thumb/9/9c/KNP_Landscape.jpg/600px-KNP_Landscape.jpg', '//upload.wikimedia.org/wikipedia/commons/thumb/7/7e/Kruger_National_Park%2C_South_Africa_%2836875595595%29.jpg/620px-Kruger_National_Park%2C_South_Africa_%2836875595595%29.jpg', '//upload.wikimedia.org/wikipedia/commons/thumb/2/2f/Kruger_National_Park%2C_South_Africa_%288342087340%29.jpg/620px-Kruger_National_Park%2C_South_Africa_%288342087340%29.jpg', '//upload.wikimedia.org/wikipedia/commons/thumb/0/0c/Pafuri_Gate_%28North_Entrance_Kruger_Park%29.jpg/600px-Pafuri_Gate_%28North_Entrance_Kruger_Park%29.jpg', '//upload.wikimedia.org/wikipedia/commons/thumb/5/54/Crocodile_Bridge_%28near_the_South_gate_Kruger_National_Park%29.jpg/600px-Crocodile_Bridge_%28near_the_South_gate_Kruger_National_Park%29.jpg', '//upload.wikimedia.org/wikipedia/commons/thumb/8/8f/Signpost_in_Krugerpark.jpg/600px-Signpost_in_Krugerpark.jpg', '//upload.wikimedia.org/wikipedia/commons/thumb/b/bf/Kruger_Park_Elephants.jpg/670px-Kruger_Park_Elephants.jpg']",https://www.google.com/maps/embed?pb=!1m18!1m12!1m3!1d3645.2093096547133!2d31.552551514293505!3d-23.988384784472615!2m3!1f0!2f0!3f0!3m2!1i1024!2i768!4f13.1!3m3!1m2!1s0x1ec34896c535a0a1%3A0x9a504ed31f67787b!2sKruger%20National%20Park!5e0!3m2!1sen!2sin!4v1601555730476!5m2!1sen!2sin,"['Tintswalo Manor House', 'Letaba Rest Camp', 'Tintswalo Manor House', 'Roodewal Bush Lodge', 'Olifants Camp']","['Mopani Rest camp', 'Elephant Hall (Letaba Camp)', 'Ingwelala', 'Masorini Archaeological Site', 'Sable Sleepover Hide']","['Tindlovu Boskombuis - Letaba', 'Tindlovu Restaurant (Mopani Camp)', 'Mopani Rest camp', 'Tindlovu Restaurant', 'Olifants Camp']",,,
South Africa,The Drakensberg,"
The spectacular Drakensberg, meaning Dragon Mountains, is one of the top places to visit in KwaZulu-Natal and a popular vacation destination for South Africans. It's also home to the country's highest peaks. The region encompasses the World Heritage-listed uKhahlamba-Drakensberg Park, a region of jaw-dropping beauty, with jagged basalt buttresses and San rock art, and Royal Natal National Park, home to the awe-inspiring Amphitheatre, a magnificent cliff face and source of South Africa's main rivers. The Giant's Castle Game Reserve in the region protects large herds of eland. Dense forests flourish in the sheltered valleys, and the area is home to more than 800 different species of flowering plants, as well as a rich diversity of wildlife. In the summer, the mountain landscapes are lush and fertile, with gushing waterfalls and crystal-clear streams. In the winter, snow cloaks the dramatic peaks. Visitors flock here to hike and bike the scenic mountain trails, fish for trout, rock climb, abseil, parasail, and raft the waters of the fast-flowing rivers. Hot air balloon rides are a great way to appreciate the dramatic topography.","['//upload.wikimedia.org/wikipedia/commons/thumb/2/22/South_Africa_-_Drakensberg_%2816261357780%29.jpg/670px-South_Africa_-_Drakensberg_%2816261357780%29.jpg', '//upload.wikimedia.org/wikipedia/commons/thumb/3/37/Drakensberg_00.jpg/620px-Drakensberg_00.jpg', '//upload.wikimedia.org/wikipedia/commons/thumb/c/c8/Little_Saddle.jpg/620px-Little_Saddle.jpg', '//upload.wikimedia.org/wikipedia/commons/thumb/d/dc/Cathedral_Valley.jpg/620px-Cathedral_Valley.jpg', '//upload.wikimedia.org/wikipedia/commons/thumb/3/33/Ukhahlamba_Drakensburg_Cliffs.jpg/620px-Ukhahlamba_Drakensburg_Cliffs.jpg', '//upload.wikimedia.org/wikipedia/commons/thumb/a/ac/South_Africa-Mpumalanga-Gods_Window002.jpg/620px-South_Africa-Mpumalanga-Gods_Window002.jpg', '//upload.wikimedia.org/wikipedia/commons/thumb/d/d4/GiantsCastlePanoramaSmall.jpg/1000px-GiantsCastlePanoramaSmall.jpg']",https://www.google.com/maps/embed?pb=!1m18!1m12!1m3!1d13894.814133887932!2d29.257912221736827!3d-29.466666213536552!2m3!1f0!2f0!3f0!3m2!1i1024!2i768!4f13.1!3m3!1m2!1s0x1ef37aefd73de6bd%3A0xf35ffec07e766685!2sDrakensberg!5e0!3m2!1sen!2sin!4v1601555795392!5m2!1sen!2sin,"['Premier Resort Sani Pass', 'Sani Stone Lodge', 'Sani Stone Lodge', 'Mkomazana Mountain Cottages', 'Sani Mountain Lodge']","['Maloti-Drakensberg Park', 'Drakensberg hiking', 'Falcon Ridge - Bird Of Prey Center', 'Aasvoelkrans Cave', 'Maloti-Drakensberg Park']","['Drakensberg', 'Lakeview Restaurant - Drakensberg Sun', 'The Old Hatchery', 'Waffle Hut', 'The Valley Bakery']",,,
South Africa,Blyde River Canyon Nature Reserve,"
Beautiful Blyde River Canyon Nature Reserve (also called Motlatse River Canyon) is a favorite stop on the drive between Johannesburg and Kruger National Park. The park is home to Africa's second largest canyon, as well as a rich diversity of wildlife and plants. Lush subtropical foliage, waterfalls, glistening rivers, and lichen-covered rock formations create a striking canvas of color and texture. Game viewing can be particularly rewarding, with all the common species of South African primates and many hippos and crocodiles. The best way to explore this spectacular park is via the scenic driving routes or by hiking the extensive trails. Panoramic viewpoints include Three Rondavels and the aptly named God's Window.","['//upload.wikimedia.org/wikipedia/commons/thumb/1/10/Blyde_River_Canyon_01.jpg/784px-Blyde_River_Canyon_01.jpg', '//upload.wikimedia.org/wikipedia/commons/thumb/4/47/Bourke%27s_Luck_Potholes_03.jpg/650px-Bourke%27s_Luck_Potholes_03.jpg', '//upload.wikimedia.org/wikipedia/commons/thumb/0/07/Three_Rondavels_-_panoramio.jpg/750px-Three_Rondavels_-_panoramio.jpg', '//upload.wikimedia.org/wikipedia/commons/thumb/a/ac/South_Africa-Mpumalanga-Gods_Window002.jpg/650px-South_Africa-Mpumalanga-Gods_Window002.jpg','//upload.wikimedia.org/wikipedia/commons/3/37/BlydeRiverSouthAfrica_%287%29.JPG']",https://www.google.com/maps/embed?pb=!1m18!1m12!1m3!1d3619.6283177003947!2d30.88659081431575!3d-24.876540984046258!2m3!1f0!2f0!3f0!3m2!1i1024!2i768!4f13.1!3m3!1m2!1s0x1ec261fb6d6644cf%3A0x77a9ae51114d1ae5!2sBlyde%20River%20Canyon%20Nature%20Reserve!5e0!3m2!1sen!2sin!4v1601555862349!5m2!1sen!2sin,"['Graskop Hotel', 'Mogodi Lodge', 'Blyde Lodge', 'Elephants Nest Guest Lodge', 'Mount Sheba']","['Graskop Blyde River Lodge', 'Wonder View', 'The Pinnacle Rock', ""Bourke's Luck Potholes"", 'Lisbon Falls']","['Blyde River Canyon', 'Blyde River Canyon Lodge']",,,
South Africa,Robben Island,"
In Table Bay, World-Heritage-listed Robben Island is a haunting reminder of the horrors of apartheid. Nelson Mandela spent 18 years imprisoned in a tiny cell here along with other political dissidents and social misfits. Perhaps the best part about this experience is that ex-prisoners are usually the guides, sharing poignant first-hand accounts of the atrocities they endured. Tours to the island begin with multimedia exhibits in the museum at the Nelson Mandela Gateway in the Victoria and Alfred Waterfront.","['//upload.wikimedia.org/wikipedia/commons/thumb/9/96/Robben_Island_Village_%286001648866%29.jpg/650px-Robben_Island_Village_%286001648866%29.jpg', '//upload.wikimedia.org/wikipedia/commons/thumb/0/07/Robben_island_from_table_mountain.jpg/620px-Robben_island_from_table_mountain.jpg', '//upload.wikimedia.org/wikipedia/commons/thumb/d/df/Table_Bay_from_Robben_Island_%2801%29.jpg/620px-Table_Bay_from_Robben_Island_%2801%29.jpg', '//upload.wikimedia.org/wikipedia/commons/thumb/2/2b/Blick_auf_Kapstadt.jpg/620px-Blick_auf_Kapstadt.jpg', '//upload.wikimedia.org/wikipedia/commons/thumb/b/be/Kathrada_Obama_Robben_island.jpg/633px-Kathrada_Obama_Robben_island.jpg', '//upload.wikimedia.org/wikipedia/commons/thumb/1/18/Rock_pile%2C_Robben_Island_Prison.jpg/633px-Rock_pile%2C_Robben_Island_Prison.jpg', '//upload.wikimedia.org/wikipedia/commons/thumb/f/fe/World_War_II_Guard_Pillbox%2C_Robben_Island_%2801%29.jpg/633px-World_War_II_Guard_Pillbox%2C_Robben_Island_%2801%29.jpg']",https://www.google.com/maps/embed?pb=!1m18!1m12!1m3!1d26522.346199516538!2d18.352327706173668!3d-33.804744013112554!2m3!1f0!2f0!3f0!3m2!1i1024!2i768!4f13.1!3m3!1m2!1s0x1dcc8a654bdf75cb%3A0x7d6f64452ede9061!2sRobben%20Island!5e0!3m2!1sen!2sin!4v1601555904596!5m2!1sen!2sin,"['Blaauwberg Beach Hotel', 'Secret Garden Guesthouse', 'Bread and Barrel Palazzo Blouberg Guesthouse', 'Mt Bijoux', 'Infinity Self Catering Apartments']",['Robben Island'],"['Robben Island Museum', 'Robben Island', 'Damhuis Restaurant', 'Ons Huisie Restaurant', 'On the Rocks Restaurant']",,,
South Africa,Durban's Golden Mile,"
The sweeping waterfront promenade called the Golden Mile is a legendary Durban tourist attraction and a great starting point for a tour of the city. Long blond beaches lure swimmers, surfers, and anglers, while the bustling promenade feels like Miami Beach with its high-rise hotels, shops, restaurants, and flashy entertainment complexes. You can stroll along the promenade or rent a bike or Segway. Besides the beach scene, top attractions along this stretch include uShaka Marine World, a wonderland of sea-themed attractions; Moses Mabhida Stadium; and Mini Town, a tiny replica of Durban with a miniature rail network, airport, and harbor scene.","['//upload.wikimedia.org/wikipedia/commons/b/b8/The_sun_set_of_GOLDEN_MILE.jpg', '//upload.wikimedia.org/wikipedia/en/thumb/9/90/GoldenMileDurbanduringJulyFest2004.jpg/600px-GoldenMileDurbanduringJulyFest2004.jpg','//upload.wikimedia.org/wikipedia/commons/9/94/Golden_Mile_in_Durban.jpeg']",https://www.google.com/maps/embed?pb=!1m18!1m12!1m3!1d3460.1477381836826!2d31.02398961445366!3d-29.860012881949775!2m3!1f0!2f0!3f0!3m2!1i1024!2i768!4f13.1!3m3!1m2!1s0x1ef7a9b63e63d97f%3A0x751b6cd4499636f2!2sGolden%20Mile%20Durban!5e0!3m2!1sen!2sin!4v1601555955830!5m2!1sen!2sin,"['Albany Hotel', 'The Royal Hotel', 'Hilton Durban', 'Pavilion Hotel', 'Durban Manor Hotel and Conference Centre']","['Golden Mile Beach', 'Golden Mile Durban', 'uShaka Marine World', 'MINITOWN', 'South African National Biodiversity Institute']",['Golden Mile Durban'],,,
South Africa,Cage Dive With Great White Sharks,"
Climb into a thick iron cage, plunge into the ocean, and come face-to-face with a great white shark. Believe it or not, this is one of South Africa's top attractions — for thrill seekers. The sport has become so popular that new tour operators keep sprouting up every year. The best time to try the dive is April through October, but great whites swim these waters throughout the year thanks to healthy populations of seals and fish. Since divers are enclosed in the custom-designed cages, no diving certification is required. For a little less excitement, it's also possible to watch the action from the boat.","['//upload.wikimedia.org/wikipedia/commons/thumb/d/d9/Sharks_outside_cage.jpg/720px-Sharks_outside_cage.jpg', '//upload.wikimedia.org/wikipedia/commons/thumb/2/20/White_shark_cage_diving%2C_Gansbaai.jpg/620px-White_shark_cage_diving%2C_Gansbaai.jpg,'//upload.wikimedia.org/wikipedia/commons/5/56/White_shark.jpg']",https://www.google.com/maps/embed?pb=!1m18!1m12!1m3!1d3283.5769891113177!2d19.352888514606317!3d-34.61485668045651!2m3!1f0!2f0!3f0!3m2!1i1024!2i768!4f13.1!3m3!1m2!1s0x1dce17478cf41965%3A0xc9d99ba346d1a458!2sShark%20Cage%20Diving%20with%20Great%20White%20Shark%20Tours!5e0!3m2!1sen!2sin!4v1601556027511!5m2!1sen!2sin,"['Shark Cage Diving with Great White Shark Tours', 'Apex Shark Expeditions - Great White Shark Cage Diving', 'White Shark Cage Diving', 'White Shark Diving Company', 'White Shark Guest House Gansbaai']",['Shark Cage Diving with Great White Shark Tours'],"['Shark Cage Diving with Great White Shark Tours', 'White Shark Diving Company', 'Shark Cage Dive � Marine Dynamics�']",,,
South Africa,Johannesburg,"
Johannesburg, also known as Jo'burg, is the largest city in South Africa by population and a gateway for many travelers on safari. Named the City of Gold for its rich deposits of the precious metal, it's also the economic engine and vibrant heart of the country. Top Johannesburg attractions include the Apartheid Museum, a poignant look at the oppression of apartheid to the birth of democracy; Constitution Hill; and Gold Reef City, which traces the region's history through mining-themed attractions. If Johannesburg is the heart of South Africa, the shanty towns of Soweto, are its soul. An abbreviation for southwestern townships, Soweto birthed the freedom movement, which created South Africa's new democratic constitution. One of the popular things to do in Johannesburg is take a guided tour of the townships, which often includes a visit to the Mandela House, now a national monument. Close in distance, but a world away in feel, Pretoria is the administrative capital of South Africa. It's a city of parks and gardens, and home to popular attractions like the Voortrekker Monument and Heritage Site and the highly-lauded Freedom Park.","['//upload.wikimedia.org/wikipedia/commons/thumb/8/8a/Montage_Johannesburg.jpg/650px-Montage_Johannesburg.jpg', '//upload.wikimedia.org/wikipedia/commons/thumb/c/c0/A_Johannesburg_Summers_Day.jpg/620px-A_Johannesburg_Summers_Day.jpg','//cdn09.allafrica.com/download/pic/main/main/csiid/00531468:c03d252eac6671b4b9ad2af4e2acb95f:arc614x376:w735:us1.jpg','//upload.wikimedia.org/wikipedia/commons/b/bc/Johannesburg_banner.jpg']",https://www.google.com/maps/embed?pb=!1m18!1m12!1m3!1d114584.75250911612!2d27.96998353207092!3d-26.171504553756357!2m3!1f0!2f0!3f0!3m2!1i1024!2i768!4f13.1!3m3!1m2!1s0x1e950c68f0406a51%3A0x238ac9d9b1d34041!2sJohannesburg%2C%20South%20Africa!5e0!3m2!1sen!2sin!4v1601556086526!5m2!1sen!2sin,"['Protea Hotel by Marriott Johannesburg Parktonian All-Suite', 'Reef Hotel', 'Four Seasons Hotel The Westcliff, Johannesburg', 'Crowne Plaza Johannesburg - the Rosebank', 'Hyatt Regency Johannesburg']","['Apartheid Museum', 'South African National Museum of Military History', 'Constitution Hill Human Rights Precinct', 'Melpark Waterfall', 'Thunder Walker']","[""Nando's Parktown"", 'Urbanologi', 'Marble Restaurant', 'Level Four Restaurant', 'Parreirinha Restaurante']",,,
,-----,,,,,,,,,
